{"metadata":{"asset_id":"e452a4f0-2484-450d-88ff-d43c24780fab","asset_attributes":["data_asset"],"name":"hotelSatisfaction_Portuguese.xlsx","asset_type":"data_asset","created_at":"2021-09-16T22:18:26Z","description":"","origin_country":"us","owner_id":"IBMid-507U60P0PE","project_id":"6632677e-4045-400a-b2bb-6bd64825c2f7","size":30355,"tags":[],"usage":{"last_update_time":1631830707302,"last_updated_at":"2021-09-16T22:18:27Z"}},"entity":{"data_asset":{"mime_type":"application/vnd.openxmlformats-officedocument.spreadsheetml.sheet","dataset":false}},"attachments":[{"id":"fdac8dab-aba7-46db-ac7e-bb03344d21d7","version":2,"asset_type":"data_asset","name":"hotelSatisfaction_Portuguese.xlsx","mime":"application/vnd.openxmlformats-officedocument.spreadsheetml.sheet","datasource_type":"193a97c1-4475-4a19-b90c-295c4fdc6517","object_key":"hotelSatisfaction_Portuguese.xlsx","creator_id":"IBMid-507U60P0PE","create_time":1631830707301,"size":30355,"is_remote":false,"is_managed":false,"is_referenced":true,"is_object_key_read_only":true,"is_user_provided_path_key":true,"transfer_complete":true,"is_partitioned":false,"complete_time_ticks":1631830707301,"user_data":{},"test_doc":0,"handle":{"bucket":"analisedecomentariosdeclientes-donotdelete-pr-1wswsqjoh38npa","location":"us-geo","key":"hotelSatisfaction_Portuguese.xlsx","upload_id":"done","max_part_num":1},"usage":{"access_count":0,"last_accessor_id":"IBMid-507U60P0PE","last_access_time":1631830707301}}]}
