{"metadata":{"asset_id":"253ace3f-6eeb-4956-8b5e-853269627063","asset_attributes":["data_asset"],"name":"influencer.csv","asset_type":"data_asset","created_at":"2021-09-16T00:12:08Z","description":"","origin_country":"us","owner_id":"IBMid-507U60P0PE","project_id":"6632677e-4045-400a-b2bb-6bd64825c2f7","size":7826,"tags":[],"usage":{"last_update_time":1631751129896,"last_updated_at":"2021-09-16T00:12:09Z"}},"entity":{"data_asset":{"mime_type":"text/csv","dataset":false}},"attachments":[{"id":"e2048df5-0417-441f-8ac3-e1f5a19d502c","version":2,"asset_type":"data_asset","name":"influencer.csv","mime":"text/csv","datasource_type":"193a97c1-4475-4a19-b90c-295c4fdc6517","object_key":"influencer.csv","creator_id":"IBMid-507U60P0PE","create_time":1631751129895,"size":7826,"is_remote":false,"is_managed":false,"is_referenced":true,"is_object_key_read_only":true,"is_user_provided_path_key":true,"transfer_complete":true,"is_partitioned":false,"complete_time_ticks":1631751129895,"user_data":{},"test_doc":0,"handle":{"bucket":"analisedecomentariosdeclientes-donotdelete-pr-1wswsqjoh38npa","location":"us-geo","key":"influencer.csv","upload_id":"done","max_part_num":1},"usage":{"access_count":0,"last_accessor_id":"IBMid-507U60P0PE","last_access_time":1631751129895}}]}
