{"metadata":{"asset_id":"c0b1d5f2-a1c2-4c8d-9944-6ad59d213acf","asset_attributes":["data_asset"],"name":"TM.csv","asset_type":"data_asset","created_at":"2021-09-16T00:52:54Z","description":"","origin_country":"us","owner_id":"IBMid-507U60P0PE","project_id":"6632677e-4045-400a-b2bb-6bd64825c2f7","size":92980,"tags":[],"usage":{"last_update_time":1631753575022,"last_updated_at":"2021-09-16T00:52:55Z"}},"entity":{"data_asset":{"mime_type":"text/csv","dataset":false}},"attachments":[{"id":"164c78aa-d8c3-486a-9188-7928202ac51b","version":2,"asset_type":"data_asset","name":"TM.csv","mime":"text/csv","datasource_type":"193a97c1-4475-4a19-b90c-295c4fdc6517","object_key":"TM.csv","creator_id":"IBMid-507U60P0PE","create_time":1631753575021,"size":92980,"is_remote":false,"is_managed":false,"is_referenced":true,"is_object_key_read_only":false,"is_user_provided_path_key":true,"transfer_complete":true,"is_partitioned":false,"complete_time_ticks":1631753575021,"user_data":{},"test_doc":0,"handle":{"bucket":"analisedecomentariosdeclientes-donotdelete-pr-1wswsqjoh38npa","location":"us-geo","key":"TM.csv","upload_id":"done","max_part_num":1},"usage":{"access_count":0,"last_accessor_id":"IBMid-507U60P0PE","last_access_time":1631753575021}}]}
